Workbook

Sheet MOM Station Sale
A1: RETAIL SALES SUMMARY ANALYSIS REPORT -
A2: TOTAL VOLUME (LTRS) AS @
A3: S/N | B3: Station | C3: Station | D3: Total Sales (Ltrs) Jan 2024 | I3: Total Sales (Ltrs) Feb 2024 | N3: Total Sales (Ltrs) Mar 2024 | S3: Total Sales (Ltrs) Apr 2024 | X3: Total Sales (Ltrs) May 2024 | AC3: Total Sales (Ltrs) Jun 2024 | AH3: Total Sales (Ltrs) Jul 2024 | AM3: Total Sales (Ltrs) Aug 2024 | AR3: Total Sales (Ltrs) Sept 2024 | AW3: Total Sales (Ltrs) Oct 2024 | BB3: Total Sales (Ltrs) Nov 2024 | BG3: Total Sales (Ltrs) Dec 2024
D4: PMS | E4: AGO | F4: DPK | G4: AVG PMS PRICE | H4: AVG AGO PRICE | I4: PMS | J4: AGO | K4: DPK | L4: AVG PMS PRICE | M4: AVG AGO PRICE | N4: PMS | O4: AGO | P4: DPK | Q4: AVG PMS PRICE | R4: AVG AGO PRICE | S4: PMS | T4: AGO | U4: DPK | V4: AVG PMS PRICE | W4: AVG AGO PRICE | X4: PMS | Y4: AGO | Z4: DPK | AA4: AVG PMS PRICE | AB4: AVG AGO PRICE | AC4: PMS | AD4: AGO | AE4: DPK | AF4: AVG PMS PRICE | AG4: AVG AGO PRICE | AH4: PMS | AI4: AGO | AJ4: DPK | AK4: AVG PMS PRICE | AL4: AVG AGO PRICE | AM4: PMS | AN4: AGO | AO4: DPK | AP4: AVG PMS PRICE | AQ4: AVG AGO PRICE | AR4: PMS | AS4: AGO | AT4: DPK | AU4: AVG PMS PRICE | AV4: AVG AGO PRICE | AW4: PMS | AX4: AGO | AY4: DPK | AZ4: AVG PMS PRICE | BA4: AVG AGO PRICE | BB4: PMS | BC4: AGO | BD4: DPK | BE4: AVG PMS PRICE | BF4: AVG AGO PRICE | BG4: PMS | BH4: AGO | BI4: DPK | BJ4: AVG PMS PRICE | BK4: AVG AGO PRICE
A5: 1 | B5: ABAK ROAD | C5: Rainoil Uyo - Abak Road | D5: 270296 | E5: 11485 | F5: 475 | G5: 666.45161 | H5: 1091.6129 | I5: 234352 | J5: 11483 | K5: 0 | L5: 678.21429 | M5: 1380.3571 | N5: 239839 | O5: 19172 | P5: 0 | Q5: 695 | R5: 1607.2581 | S5: 225443 | T5: 18164 | U5: 456 | V5: 697.83333 | W5: 1468.3333 | X5: 276542 | Y5: 25159 | Z5: 4545 | AA5: 806.45161 | AB5: 1253.5484 | AC5: 234508 | AD5: 33408 | AE5: 2021 | AF5: 754.33333 | AG5: 1241.3333 | AH5: 323863 | AI5: 10147 | AJ5: 3122 | AK5: 762.58065 | AL5: 1260 | AM5: 348052 | AN5: 12780 | AO5: 2731 | AP5: 849.67742 | AQ5: 1260 | AR5: 141602 | AS5: 9107 | AT5: 3307 | AU5: 1096 | AV5: 1260 | AW5: 161719 | AX5: 13480 | AY5: 4771 | AZ5: 1192.2581 | BA5: 1246.4516 | BB5: 174819 | BC5: 21325 | BD5: 3862 | BE5: 1131.1667 | BF5: 1200 | BG5: 217268 | BH5: 24490 | BI5: 3820 | BJ5: 1072.5806 | BK5: 1200
A6: 2 | B6: ABAKALIKI | C6: Rainoil Abakaliki - Azuiyiokwu | D6: 152539 | E6: 4009 | F6: 360 | G6: 659.35484 | H6: 1080.8065 | I6: 138310 | J6: 4994 | K6: 376 | L6: 680.35714 | M6: 1387.1429 | N6: 143129 | O6: 4523 | P6: 1008 | Q6: 695 | R6: 1620.9677 | S6: 190219 | T6: 4130 | U6: 1758 | V6: 700.5 | W6: 1440 | X6: 184337 | Y6: 1451 | Z6: 416 | AA6: 799.67742 | AB6: 1254.5161 | AC6: 134764 | AD6: 2387 | AE6: 137 | AF6: 756.33333 | AG6: 1216.3333 | AH6: 160630 | AI6: 2179 | AJ6: 745 | AK6: 770.32258 | AL6: 1220 | AM6: 124381 | AN6: 6935 | AO6: 2723 | AP6: 871.29032 | AQ6: 1220 | AR6: 119289 | AS6: 5324 | AT6: 909 | AU6: 1186.6667 | AV6: 1220 | AW6: 168312 | AX6: 7430 | AY6: 1492 | AZ6: 1219.3548 | BA6: 1220 | BB6: 153093 | BC6: 9024 | BD6: 403 | BE6: 1152.3333 | BF6: 1201.6667 | BG6: 128274 | BH6: 10117 | BI6: 429 | BJ6: 1086.4516 | BK6: 1170
A7: 3 | B7: ABAKALIKI 2 | C7: Rainoil Abakaliki - Mile 50 | D7: 233337 | E7: 11807 | F7: 251 | G7: 666.77419 | H7: 1080.8065 | I7: 247296 | J7: 11367 | K7: 359 | L7: 687.85714 | M7: 1408.5714 | N7: 286621 | O7: 15551 | P7: 533 | Q7: 695 | R7: 1604.8387 | S7: 303667 | T7: 13280 | U7: 712 | V7: 700.5 | W7: 1440 | X7: 143846 | Y7: 7433 | Z7: 110 | AA7: 799.67742 | AB7: 1254.5161 | AC7: 239122 | AD7: 12700 | AE7: 0 | AF7: 756.33333 | AG7: 1216.3333 | AH7: 242895 | AI7: 10912 | AJ7: 159 | AK7: 770.32258 | AL7: 1220 | AM7: 95050 | AN7: 5467 | AO7: 0 | AP7: 871.29032 | AQ7: 1220 | AR7: 122190 | AS7: 5032 | AT7: 0 | AU7: 1186.6667 | AV7: 1220 | AW7: 249419 | AX7: 8550 | AY7: 119 | AZ7: 1219.3548 | BA7: 1220 | BB7: 247434 | BC7: 10826 | BD7: 256 | BE7: 1152.3333 | BF7: 1201.6667 | BG7: 244516 | BH7: 13490 | BI7: 325 | BJ7: 1086.4516 | BK7: 1170
A8: 4 | B8: ABAYI-OSISIOMA | C8: Rainoil Aba - Abayi-Osisioma | D8: 247810 | E8: 16374 | F8: 546 | G8: 672.58065 | H8: 1080.4839 | I8: 265581 | J8: 12448 | K8: 1880 | L8: 688.57143 | M8: 1392.5 | N8: 315660 | O8: 15303 | P8: 416 | Q8: 695 | R8: 1604.8387 | S8: 320551 | T8: 14290 | U8: 947 | V8: 700.53333 | W8: 1440 | X8: 185741 | Y8: 18540 | Z8: 567 | AA8: 800.96774 | AB8: 1264.1935 | AC8: 216793 | AD8: 13545 | AE8: 507 | AF8: 762.33333 | AG8: 1250.6667 | AH8: 284565 | AI8: 14189 | AJ8: 415 | AK8: 780.64516 | AL8: 1240 | AM8: 132048 | AN8: 8861 | AO8: 291 | AP8: 898.06452 | AQ8: 1240 | AR8: 141522 | AS8: 15680 | AT8: 280 | AU8: 1171.3333 | AV8: 1238.3333 | AW8: 160751 | AX8: 11384 | AY8: 378 | AZ8: 1217.7419 | BA8: 1220 | BB8: 150701 | BC8: 17316 | BD8: 358 | BE8: 1134.1667 | BF8: 1203 | BG8: 161975 | BH8: 11660 | BI8: 357 | BJ8: 1085.1613 | BK8: 1190.0645
A9: 5 | B9: ABIJO | C9: Rainoil Abijo | D9: 288364 | E9: 68637 | F9: 1543 | G9: 608.87097 | H9: 1022.5806 | I9: 385050 | J9: 83634 | K9: 1464 | L9: 632.14286 | M9: 1384.2857 | N9: 399108 | O9: 62832 | P9: 2042 | Q9: 634.67742 | R9: 1533.871 | S9: 696738 | T9: 89417 | U9: 1284 | V9: 643.16667 | W9: 1403.3333 | X9: 417511 | Y9: 65273 | Z9: 1296 | AA9: 681.6129 | AB9: 1224.1935 | AC9: 418297 | AD9: 45606 | AE9: 1521 | AF9: 625.83333 | AG9: 1201.3333 | AH9: 444532 | AI9: 53165 | AJ9: 1423 | AK9: 707.41935 | AL9: 1220 | AM9: 367278 | AN9: 42638 | AO9: 946 | AP9: 791.29032 | AQ9: 1220 | AR9: 376716 | AS9: 43336 | AT9: 667 | AU9: 955.33333 | AV9: 1220 | AW9: 383380 | AX9: 35100 | AY9: 955 | AZ9: 1075.4839 | BA9: 1214.1935 | BB9: 263481 | BC9: 53875 | BD9: 932 | BE9: 1091.3333 | BF9: 1185 | BG9: 209056 | BH9: 43820 | BI9: 947 | BJ9: 1066.129 | BK9: 1160.9677
A10: 6 | B10: ABRAKA | C10: Rainoil Abraka | D10: 253426 | E10: 25373 | F10: 0 | G10: 652.25806 | H10: 1057.9032 | I10: 287365 | J10: 16394 | K10: 0 | L10: 669.46429 | M10: 1407.1429 | N10: 290054 | O10: 16456 | P10: 0 | Q10: 695 | R10: 1590.3226 | S10: 311000 | T10: 34368 | U10: 0 | V10: 695 | W10: 1345.3333 | X10: 396845 | Y10: 23534 | Z10: 0 | AA10: 750.32258 | AB10: 1194.8387 | AC10: 271804 | AD10: 22738 | AE10: 0 | AF10: 741.33333 | AG10: 1192.3333 | AH10: 320247 | AI10: 25281 | AJ10: 0 | AK10: 760.48387 | AL10: 1190 | AM10: 205046 | AN10: 18125 | AO10: 0 | AP10: 867.09677 | AQ10: 1190.9677 | AR10: 259316 | AS10: 21680 | AT10: 0 | AU10: 1117.5 | AV10: 1190 | AW10: 219119 | AX10: 18518 | AY10: 0 | AZ10: 1162.2581 | BA10: 1194.8387 | BB10: 224318 | BC10: 21273 | BD10: 0 | BE10: 1132.6667 | BF10: 1179.3333 | BG10: 215180 | BH10: 16326 | BI10: 0 | BJ10: 1084.8387 | BK10: 1153.2258
A11: 7 | B11: ABUJA 2 | C11: Rainoil FCT - Gwarimpa | D11: 549970 | E11: 40634 | F11: 0 | G11: 660 | H11: 1075.4839 | I11: 628075 | J11: 54351 | K11: 0 | L11: 672.85714 | M11: 1397.8571 | N11: 675603 | O11: 68200 | P11: 0 | Q11: 680 | R11: 1594.3548 | S11: 740906 | T11: 68907 | U11: 0 | V11: 683.33333 | W11: 1389 | X11: 754478 | Y11: 48566 | Z11: 0 | AA11: 692.09677 | AB11: 1234.0323 | AC11: 680504 | AD11: 51321 | AE11: 0 | AF11: 680.66667 | AG11: 1210.3333 | AH11: 833076 | AI11: 35761 | AJ11: 0 | AK11: 695.09677 | AL11: 1220 | AM11: 565017 | AN11: 30369 | AO11: 0 | AP11: 703.74194 | AQ11: 1220 | AR11: 537929 | AS11: 31367 | AT11: 0 | AU11: 979.66667 | AV11: 1220 | AW11: 652495 | AX11: 40325 | AY11: 0 | AZ11: 1090.6452 | BA11: 1220 | BB11: 407718 | BC11: 36642 | BD11: 0 | BE11: 1131.1667 | BF11: 1195 | BG11: 361070 | BH11: 26998 | BI11: 0 | BJ11: 1085.4839 | BK11: 1190
A12: 8 | B12: ABUJA 3 | C12: Rainoil FCT - Karmo | D12: 296019 | E12: 13335 | F12: 0 | G12: 660 | H12: 1075.4839 | I12: 318121 | J12: 20227 | K12: 0 | L12: 672.85714 | M12: 1401.6071 | N12: 397032 | O12: 28022 | P12: 0 | Q12: 680 | R12: 1594.3548 | S12: 402344 | T12: 19251 | U12: 0 | V12: 683.33333 | W12: 1389 | X12: 495324 | Y12: 21339 | Z12: 0 | AA12: 692.09677 | AB12: 1232.0968 | AC12: 351197 | AD12: 22584 | AE12: 0 | AF12: 683.66667 | AG12: 1210.3333 | AH12: 431477 | AI12: 38290 | AJ12: 0 | AK12: 695.09677 | AL12: 1220 | AM12: 185441 | AN12: 10409 | AO12: 0 | AP12: 703.74194 | AQ12: 1220 | AR12: 210166 | AS12: 22056 | AT12: 0 | AU12: 981 | AV12: 1220 | AW12: 420414 | AX12: 15815 | AY12: 0 | AZ12: 1090.6452 | BA12: 1220 | BB12: 320518 | BC12: 17409 | BD12: 0 | BE12: 1131.8333 | BF12: 1195 | BG12: 258921 | BH12: 8704 | BI12: 0 | BJ12: 1086.7742 | BK12: 1190
A13: 9 | B13: ADO-EKITI | C13: Rainoil Ado-Ekiti - Ikere Road | D13: 158064 | E13: 4163 | F13: 0 | G13: 625 | H13: 1057.7419 | I13: 127613 | J13: 8577 | K13: 0 | L13: 644.64286 | M13: 1393.75 | N13: 110502 | O13: 4834 | P13: 0 | Q13: 663.87097 | R13: 1562.9032 | S13: 170677 | T13: 6509 | U13: 0 | V13: 663.33333 | W13: 1393.3333 | X13: 76069 | Y13: 5194 | Z13: 0 | AA13: 746.12903 | AB13: 1228.3871 | AC13: 79413 | AD13: 2960 | AE13: 0 | AF13: 670.66667 | AG13: 1219.3333 | AH13: 232003 | AI13: 5424 | AJ13: 0 | AK13: 734.19355 | AL13: 1200 | AM13: 102345 | AN13: 2610 | AO13: 0 | AP13: 818.06452 | AQ13: 1200 | AR13: 151975 | AS13: 3020 | AT13: 0 | AU13: 998.66667 | AV13: 1200 | AW13: 148017 | AX13: 2737 | AY13: 0 | AZ13: 1088.3871 | BA13: 1200 | BB13: 79399 | BC13: 3026 | BD13: 0 | BE13: 1090.6667 | BF13: 1178.3333 | BG13: 72558 | BH13: 4096 | BI13: 0 | BJ13: 1044.5161 | BK13: 1150
A14: 10 | B14: AGBARHO 1 | C14: Rainoil Agbarho - Ohrerhe | D14: 282728 | E14: 7871 | F14: 362 | G14: 650.48387 | H14: 1053.7097 | I14: 275307 | J14: 14417 | K14: 274 | L14: 668.75 | M14: 1372.5 | N14: 248905 | O14: 14158 | P14: 83 | Q14: 695 | R14: 1590.3226 | S14: 262811 | T14: 48969 | U14: 0 | V14: 695 | W14: 1353.6667 | X14: 264549 | Y14: 18683 | Z14: 0 | AA14: 742.58065 | AB14: 1194.8387 | AC14: 227898 | AD14: 10069 | AE14: 0 | AF14: 721 | AG14: 1201.3333 | AH14: 252946 | AI14: 6289 | AJ14: 0 | AK14: 749.51613 | AL14: 1220 | AM14: 168446 | AN14: 5746 | AO14: 0 | AP14: 850 | AQ14: 1220 | AR14: 201027 | AS14: 4536 | AT14: 0 | AU14: 1105.3333 | AV14: 1220 | AW14: 185205 | AX14: 4317 | AY14: 0 | AZ14: 1150.6452 | BA14: 1211.2903 | BB14: 138382 | BC14: 14035 | BD14: 0 | BE14: 1138.3333 | BF14: 1179.3333 | BG14: 142184 | BH14: 17068 | BI14: 0 | BJ14: 1073.871 | BK14: 1153.2258
A15: 11 | B15: AGBARHO 2 | C15: Rainoil Agbarho - Ewherhe | D15: 212457 | E15: 9281 | F15: 0 | G15: 650.48387 | H15: 1053.7097 | I15: 188130 | J15: 7997 | K15: 0 | L15: 668.75 | M15: 1385 | N15: 209388 | O15: 10045 | P15: 0 | Q15: 695 | R15: 1590.3226 | S15: 234918 | T15: 12715 | U15: 0 | V15: 695 | W15: 1353.6667 | X15: 232921 | Y15: 8912 | Z15: 0 | AA15: 742.58065 | AB15: 1197.4194 | AC15: 228757 | AD15: 8454 | AE15: 0 | AF15: 721.66667 | AG15: 1201.3333 | AH15: 259902 | AI15: 4944 | AJ15: 0 | AK15: 749.51613 | AL15: 1219.3548 | AM15: 133957 | AN15: 5289 | AO15: 0 | AP15: 850 | AQ15: 1220 | AR15: 182008 | AS15: 18001 | AT15: 0 | AU15: 1106.8333 | AV15: 1220 | AW15: 235130 | AX15: 6214 | AY15: 0 | AZ15: 1150.6452 | BA15: 1211.2903 | BB15: 219252 | BC15: 6748 | BD15: 0 | BE15: 1138.3333 | BF15: 1179.3333 | BG15: 208163 | BH15: 9841 | BI15: 0 | BJ15: 1081.6129 | BK15: 1153.2258
A16: 12 | B16: AGBOR 1 | C16: Rainoil Agbor - Asaba Road | D16: 396944 | E16: 73915 | F16: 0 | G16: 656.29032 | H16: 1057.9032 | I16: 385575 | J16: 73622 | K16: 0 | L16: 670.17857 | M16: 1406.4286 | N16: 396199 | O16: 56825 | P16: 8 | Q16: 695 | R16: 1590.3226 | S16: 376272 | T16: 82028 | U16: 7 | V16: 693.5 | W16: 1353.6667 | X16: 387872 | Y16: 81793 | Z16: 0 | AA16: 741.6129 | AB16: 1197.4194 | AC16: 309969 | AD16: 80931 | AE16: 0 | AF16: 732.33333 | AG16: 1182.3333 | AH16: 375359 | AI16: 69998 | AJ16: 0 | AK16: 761.77419 | AL16: 1190 | AM16: 280321 | AN16: 68473 | AO16: 0 | AP16: 867.09677 | AQ16: 1190 | AR16: 247611 | AS16: 68853 | AT16: 0 | AU16: 1117.5 | AV16: 1190 | AW16: 276939 | AX16: 45772 | AY16: 0 | AZ16: 1161.6129 | BA16: 1194.8387 | BB16: 280986 | BC16: 52022 | BD16: 252 | BE16: 1132.6667 | BF16: 1179.3333 | BG16: 280570 | BH16: 53484 | BI16: 615 | BJ16: 1088.0645 | BK16: 1153.2258
... A172: 168 | B172: Rainoil Eku Town | C172: Rainoil Eku Town | D172: 176255 | E172: 12049 | F172: 0 | G172: 652.25806 | H172: 1057.7419 | I172: 157557 | J172: 25857 | K172: 0 | L172: 669.46429 | M172: 1406.4286 | N172: 198071 | O172: 37289 | P172: 0 | Q172: 695 | R172: 1590.3226 | S172: 206872 | T172: 58368 | U172: 0 | V172: 695 | W172: 1340.3333 | X172: 289195 | Y172: 56439 | Z172: 0 | AA172: 747.41935 | AB172: 1197.4194 | AC172: 224615 | AD172: 56641 | AE172: 0 | AF172: 738.33333 | AG172: 1188.3333 | AH172: 274541 | AI172: 50248 | AJ172: 0 | AK172: 760.48387 | AL172: 1190 | AM172: 198200 | AN172: 23382 | AO172: 0 | AP172: 867.09677 | AQ172: 1190.9677 | AR172: 269743 | AS172: 31506 | AT172: 0 | AU172: 1117.5 | AV172: 1190 | AW172: 214436 | AX172: 32016 | AY172: 0 | AZ172: 1162.2581 | BA172: 1194.8387 | BB172: 221436 | BC172: 38081 | BD172: 0 | BE172: 1132.3333 | BF172: 1179.3333 | BG172: 208730 | BH172: 28847 | BI172: 0 | BJ172: 1087.4194 | BK172: 1153.2258
A173: 169 | B173: Fynefield Maiduguri | C173: Fynefield Maiduguri | D173: 0 | E173: 0 | F173: 0 | G173: #DIV/0! | H173: #DIV/0! | I173: 163237 | J173: 30624 | K173: 0 | L173: 687.75 | M173: 1434.5 | N173: 262102 | O173: 15870 | P173: 0 | Q173: 703.22581 | R173: 1606.129 | S173: 186995 | T173: 6536 | U173: 0 | V173: 722.16667 | W173: 1476 | X173: 262467 | Y173: 10114 | Z173: 0 | AA173: 822.90323 | AB173: 1256.7742 | AC173: 244649 | AD173: 9856 | AE173: 0 | AF173: 740.66667 | AG173: 1210.3333 | AH173: 247259 | AI173: 9388 | AJ173: 0 | AK173: 808.70968 | AL173: 1230 | AM173: 162540 | AN173: 4147 | AO173: 0 | AP173: 880.64516 | AQ173: 1231.6129 | AR173: 87927 | AS173: 3404 | AT173: 0 | AU173: 1118.6667 | AV173: 1230 | AW173: 133641 | AX173: 9331 | AY173: 0 | AZ173: 1199.0323 | BA173: 1219.3548 | BB173: 139072 | BC173: 9816 | BD173: 0 | BE173: 1156.3333 | BF173: 1200.6667 | BG173: 110068 | BH173: 5020 | BI173: 0 | BJ173: 1110.3226 | BK173: 1200
A174: 170 | B174: Rainoil Agbor - Alihamie | C174: Rainoil Agbor - Alihamie | D174: 0 | E174: 0 | F174: 0 | G174: #DIV/0! | H174: #DIV/0! | I174: 0 | J174: 0 | K174: 0 | L174: #DIV/0! | M174: #DIV/0! | N174: 0 | O174: 0 | P174: 0 | Q174: #DIV/0! | R174: #DIV/0! | S174: 248365 | T174: 9621 | U174: 0 | V174: 695 | W174: 1337.4074 | X174: 311957 | Y174: 11532 | Z174: 0 | AA174: 741.6129 | AB174: 1197.4194 | AC174: 287548 | AD174: 9467 | AE174: 0 | AF174: 732.33333 | AG174: 1182.3333 | AH174: 269835 | AI174: 8661 | AJ174: 0 | AK174: 761.77419 | AL174: 1190 | AM174: 136223 | AN174: 6605 | AO174: 0 | AP174: 867.09677 | AQ174: 1190 | AR174: 206481 | AS174: 12059 | AT174: 0 | AU174: 1117.5 | AV174: 1190 | AW174: 248188 | AX174: 12844 | AY174: 0 | AZ174: 1161.6129 | BA174: 1194.8387 | BB174: 244913 | BC174: 12303 | BD174: 0 | BE174: 1132.6667 | BF174: 1179.3333 | BG174: 249709 | BH174: 23562 | BI174: 0 | BJ174: 1087.4194 | BK174: 1153.2258
A175: 171 | B175: Rainoil Orerokpo | C175: Rainoil Orerokpo | D175: 0 | E175: 0 | F175: 0 | G175: #DIV/0! | H175: #DIV/0! | I175: 0 | J175: 0 | K175: 0 | L175: #DIV/0! | M175: #DIV/0! | N175: 0 | O175: 0 | P175: 0 | Q175: #DIV/0! | R175: #DIV/0! | S175: 98989 | T175: 5878 | U175: 0 | V175: 681.42857 | W175: 1287.1429 | X175: 209085 | Y175: 14502 | Z175: 0 | AA175: 729.67742 | AB175: 1194.8387 | AC175: 198790 | AD175: 15439 | AE175: 0 | AF175: 736.33333 | AG175: 1201.3333 | AH175: 225139 | AI175: 15210 | AJ175: 0 | AK175: 749.19355 | AL175: 1220 | AM175: 115578 | AN175: 13032 | AO175: 0 | AP175: 867.41935 | AQ175: 1220 | AR175: 162320 | AS175: 12975 | AT175: 0 | AU175: 1108.8333 | AV175: 1220 | AW175: 213646 | AX175: 37765 | AY175: 0 | AZ175: 1150.6452 | BA175: 1211.2903 | BB175: 210507 | BC175: 32678 | BD175: 0 | BE175: 1138.3333 | BF175: 1179.3333 | BG175: 230570 | BH175: 22017 | BI175: 0 | BJ175: 1081.6129 | BK175: 1153.2258
A176: 172 | B176: Fynefield Uyo Idoro Road | C176: Fynefield Uyo Idoro Road | D176: 0 | E176: 0 | F176: 0 | G176: #DIV/0! | H176: #DIV/0! | I176: 0 | J176: 0 | K176: 0 | L176: #DIV/0! | M176: #DIV/0! | N176: 0 | O176: 0 | P176: 0 | Q176: #DIV/0! | R176: #DIV/0! | S176: 0 | T176: 0 | U176: 0 | V176: #DIV/0! | W176: #DIV/0! | X176: 0 | Y176: 0 | Z176: 0 | AA176: #DIV/0! | AB176: #DIV/0! | AC176: 48793 | AD176: 5987 | AE176: 0 | AF176: 723.33333 | AG176: 1200 | AH176: 414471 | AI176: 31997 | AJ176: 0 | AK176: 762.58065 | AL176: 1200 | AM176: 491606 | AN176: 49259 | AO176: 0 | AP176: 849.67742 | AQ176: 1200 | AR176: 181828 | AS176: 54742 | AT176: 0 | AU176: 1114 | AV176: 1222 | AW176: 234681 | AX176: 56316 | AY176: 0 | AZ176: 1190.3226 | BA176: 1245.8065 | BB176: 301090 | BC176: 78899 | BD176: 0 | BE176: 1130.5 | BF176: 1200 | BG176: 374864 | BH176: 82811 | BI176: 0 | BJ176: 1069.3548 | BK176: 1200
A177: 173 | B177: Rainoil Sagamu | C177: Rainoil Sagamu | D177: 0 | E177: 0 | F177: 0 | G177: #DIV/0! | H177: #DIV/0! | I177: 0 | J177: 0 | K177: 0 | L177: #DIV/0! | M177: #DIV/0! | N177: 0 | O177: 0 | P177: 0 | Q177: #DIV/0! | R177: #DIV/0! | S177: 0 | T177: 0 | U177: 0 | V177: #DIV/0! | W177: #DIV/0! | X177: 0 | Y177: 0 | Z177: 0 | AA177: #DIV/0! | AB177: #DIV/0! | AC177: 0 | AD177: 0 | AE177: 0 | AF177: #DIV/0! | AG177: #DIV/0! | AH177: 432494 | AI177: 3109 | AJ177: 0 | AK177: 713.91304 | AL177: 1220 | AM177: 361217 | AN177: 1319 | AO177: 0 | AP177: 791.29032 | AQ177: 1220 | AR177: 477772 | AS177: 2514 | AT177: 0 | AU177: 956.66667 | AV177: 1220 | AW177: 487759 | AX177: 4096 | AY177: 0 | AZ177: 1075.4839 | BA177: 1214.1935 | BB177: 235851 | BC177: 8257 | BD177: 0 | BE177: 1091.3333 | BF177: 1185 | BG177: 218192 | BH177: 9665 | BI177: 0 | BJ177: 1059.0323 | BK177: 1160.9677
A178: 174 | B178: Rainoil Yenagoa Opolo-Epie | C178: Rainoil Yenagoa Opolo-Epie | D178: 0 | E178: 0 | F178: 0 | G178: #DIV/0! | H178: #DIV/0! | I178: 0 | J178: 0 | K178: 0 | L178: #DIV/0! | M178: #DIV/0! | N178: 0 | O178: 0 | P178: 0 | Q178: #DIV/0! | R178: #DIV/0! | S178: 0 | T178: 0 | U178: 0 | V178: #DIV/0! | W178: #DIV/0! | X178: 0 | Y178: 0 | Z178: 0 | AA178: #DIV/0! | AB178: #DIV/0! | AC178: 0 | AD178: 0 | AE178: 0 | AF178: #DIV/0! | AG178: #DIV/0! | AH178: 177889 | AI178: 1487 | AJ178: 0 | AK178: 853.33333 | AL178: 1255 | AM178: 208286 | AN178: 1578 | AO178: 0 | AP178: 901.6129 | AQ178: 1255 | AR178: 221941 | AS178: 395 | AT178: 0 | AU178: 1074.3333 | AV178: 1255 | AW178: 227635 | AX178: 12794 | AY178: 0 | AZ178: 1232.2581 | BA178: 1244.8387 | BB178: 303561 | BC178: 8469 | BD178: 0 | BE178: 1141.3333 | BF178: 1215.3333 | BG178: 242357 | BH178: 11293 | BI178: 0 | BJ178: 1086.7742 | BK178: 1200
A179: 175 | B179: Rainoil Nnewi - Otolo | C179: Rainoil Nnewi - Otolo | D179: 0 | E179: 0 | F179: 0 | G179: #DIV/0! | H179: #DIV/0! | I179: 0 | J179: 0 | K179: 0 | L179: #DIV/0! | M179: #DIV/0! | N179: 0 | O179: 0 | P179: 0 | Q179: #DIV/0! | R179: #DIV/0! | S179: 0 | T179: 0 | U179: 0 | V179: #DIV/0! | W179: #DIV/0! | X179: 0 | Y179: 0 | Z179: 0 | AA179: #DIV/0! | AB179: #DIV/0! | AC179: 0 | AD179: 0 | AE179: 0 | AF179: #DIV/0! | AG179: #DIV/0! | AH179: 0 | AI179: 0 | AJ179: 0 | AK179: #DIV/0! | AL179: #DIV/0! | AM179: 0 | AN179: 0 | AO179: 0 | AP179: #DIV/0! | AQ179: #DIV/0! | AR179: 0 | AS179: 0 | AT179: 0 | AU179: #DIV/0! | AV179: #DIV/0! | AW179: 36547 | AX179: 4476 | AY179: 0 | AZ179: 1200 | BA179: 1220 | BB179: 194412 | BC179: 34075 | BD179: 0 | BE179: 1157.3333 | BF179: 1212.6667 | BG179: 224109 | BH179: 35080 | BI179: 0 | BJ179: 1100.3226 | BK179: 1200.6452
A180: 176 | B180: Rainoil Okpanam - City Gate | C180: Rainoil Okpanam - City Gate | D180: 0 | E180: 0 | F180: 0 | G180: #DIV/0! | H180: #DIV/0! | I180: 0 | J180: 0 | K180: 0 | L180: #DIV/0! | M180: #DIV/0! | N180: 0 | O180: 0 | P180: 0 | Q180: #DIV/0! | R180: #DIV/0! | S180: 0 | T180: 0 | U180: 0 | V180: #DIV/0! | W180: #DIV/0! | X180: 0 | Y180: 0 | Z180: 0 | AA180: #DIV/0! | AB180: #DIV/0! | AC180: 0 | AD180: 0 | AE180: 0 | AF180: #DIV/0! | AG180: #DIV/0! | AH180: 0 | AI180: 0 | AJ180: 0 | AK180: #DIV/0! | AL180: #DIV/0! | AM180: 0 | AN180: 0 | AO180: 0 | AP180: #DIV/0! | AQ180: #DIV/0! | AR180: 0 | AS180: 0 | AT180: 0 | AU180: #DIV/0! | AV180: #DIV/0! | AW180: 0 | AX180: 0 | AY180: 0 | AZ180: #DIV/0! | BA180: #DIV/0! | BB180: 109547 | BC180: 9610 | BD180: 0 | BE180: 1129.3103 | BF180: 1178.9655 | BG180: 140062 | BH180: 11096 | BI180: 0 | BJ180: 1086.129 | BK180: 1153.2258
A181: 177 | B181: Rainoil Irrua - Teaching Hospital | C181: Rainoil Irrua - Teaching Hospital | D181: 0 | E181: 0 | F181: 0 | G181: #DIV/0! | H181: #DIV/0! | I181: 0 | J181: 0 | K181: 0 | L181: #DIV/0! | M181: #DIV/0! | N181: 0 | O181: 0 | P181: 0 | Q181: #DIV/0! | R181: #DIV/0! | S181: 0 | T181: 0 | U181: 0 | V181: #DIV/0! | W181: #DIV/0! | X181: 0 | Y181: 0 | Z181: 0 | AA181: #DIV/0! | AB181: #DIV/0! | AC181: 0 | AD181: 0 | AE181: 0 | AF181: #DIV/0! | AG181: #DIV/0! | AH181: 0 | AI181: 0 | AJ181: 0 | AK181: #DIV/0! | AL181: #DIV/0! | AM181: 0 | AN181: 0 | AO181: 0 | AP181: #DIV/0! | AQ181: #DIV/0! | AR181: 0 | AS181: 0 | AT181: 0 | AU181: #DIV/0! | AV181: #DIV/0! | AW181: 0 | AX181: 0 | AY181: 0 | AZ181: #DIV/0! | BA181: #DIV/0! | BB181: 12131 | BC181: 1177 | BD181: 0 | BE181: 1102 | BF181: 1150 | BG181: 104443 | BH181: 18303 | BI181: 0 | BJ181: 1084.5161 | BK181: 1150
A182: 178 | B182: Rainoil Udu - Udu Bridge Layout | C182: Rainoil Udu - Udu Bridge Layout | D182: 0 | E182: 0 | F182: 0 | G182: #DIV/0! | H182: #DIV/0! | I182: 0 | J182: 0 | K182: 0 | L182: #DIV/0! | M182: #DIV/0! | N182: 0 | O182: 0 | P182: 0 | Q182: #DIV/0! | R182: #DIV/0! | S182: 0 | T182: 0 | U182: 0 | V182: #DIV/0! | W182: #DIV/0! | X182: 0 | Y182: 0 | Z182: 0 | AA182: #DIV/0! | AB182: #DIV/0! | AC182: 0 | AD182: 0 | AE182: 0 | AF182: #DIV/0! | AG182: #DIV/0! | AH182: 0 | AI182: 0 | AJ182: 0 | AK182: #DIV/0! | AL182: #DIV/0! | AM182: 0 | AN182: 0 | AO182: 0 | AP182: #DIV/0! | AQ182: #DIV/0! | AR182: 0 | AS182: 0 | AT182: 0 | AU182: #DIV/0! | AV182: #DIV/0! | AW182: 0 | AX182: 0 | AY182: 0 | AZ182: #DIV/0! | BA182: #DIV/0! | BB182: 6402 | BC182: 103 | BD182: 0 | BE182: 1120 | BF182: 1170 | BG182: 124383 | BH182: 4154 | BI182: 0 | BJ182: 1074.8387 | BK182: 1153.2258
A183: 179 | B183: Rainoil Umunede | C183: Rainoil Umunede | D183: 0 | E183: 0 | F183: 0 | G183: #DIV/0! | H183: #DIV/0! | I183: 0 | J183: 0 | K183: 0 | L183: #DIV/0! | M183: #DIV/0! | N183: 0 | O183: 0 | P183: 0 | Q183: #DIV/0! | R183: #DIV/0! | S183: 0 | T183: 0 | U183: 0 | V183: #DIV/0! | W183: #DIV/0! | X183: 0 | Y183: 0 | Z183: 0 | AA183: #DIV/0! | AB183: #DIV/0! | AC183: 0 | AD183: 0 | AE183: 0 | AF183: #DIV/0! | AG183: #DIV/0! | AH183: 0 | AI183: 0 | AJ183: 0 | AK183: #DIV/0! | AL183: #DIV/0! | AM183: 0 | AN183: 0 | AO183: 0 | AP183: #DIV/0! | AQ183: #DIV/0! | AR183: 0 | AS183: 0 | AT183: 0 | AU183: #DIV/0! | AV183: #DIV/0! | AW183: 0 | AX183: 0 | AY183: 0 | AZ183: #DIV/0! | BA183: #DIV/0! | BB183: 0 | BC183: 0 | BD183: 0 | BE183: #DIV/0! | BF183: #DIV/0! | BG183: 155665 | BH183: 11227 | BI183: 0 | BJ183: 1083.8462 | BK183: 1150

Sheet SUMMARY
A1: S/N | B1: MONTH | C1: PMS | D1: AGO | E1: DPK | F1: AVG PMS PRICE | G1: AVG AGO PRICE | H1: NO OF STATIONS
A2: 1 | B2: 45292 | C2: =SUM('MOM Station Sale'!D5:D172) -> 44646728 | D2: =SUM('MOM Station Sale'!E5:E172) -> 5662264 | E2: =SUM('MOM Station Sale'!F5:F172) -> 103215 | F2: =AVERAGE('MOM Station Sale'!G5:G172) -> 654.0457 | G2: =AVERAGE('MOM Station Sale'!H5:H172) -> 1066.0536 | H2: =COUNTA('MOM Station Sale'!C5:C172) -> 168
A3: =A2+1 -> 2 | B3: 45323 | C3: =SUM('MOM Station Sale'!I5:I173) -> 45182760 | D3: =SUM('MOM Station Sale'!J5:J173) -> 5641699 | E3: =SUM('MOM Station Sale'!K5:K173) -> 119927 | F3: =AVERAGE('MOM Station Sale'!L5:L173) -> 670.12299 | G3: =AVERAGE('MOM Station Sale'!M5:M173) -> 1396.9474 | H3: =COUNTA('MOM Station Sale'!C5:C173) -> 169
A4: =A3+1 -> 3 | B4: 45352 | C4: =SUM('MOM Station Sale'!N5:N173) -> 45726064 | D4: =SUM('MOM Station Sale'!O5:O173) -> 5392415 | E4: =SUM('MOM Station Sale'!P5:P173) -> 124007 | F4: =AVERAGE('MOM Station Sale'!Q5:Q173) -> 687.70605 | G4: =AVERAGE('MOM Station Sale'!R5:R173) -> 1592.1015 | H4: =COUNTA('MOM Station Sale'!C5:C173) -> 169
A5: =A4+1 -> 4 | B5: 45383 | C5: =SUM('MOM Station Sale'!S5:S175) -> 50154114 | D5: =SUM('MOM Station Sale'!T5:T175) -> 6069933 | E5: =SUM('MOM Station Sale'!U5:U175) -> 103636 | F5: =AVERAGE('MOM Station Sale'!V5:V175) -> 690.6795 | G5: =AVERAGE('MOM Station Sale'!W5:W175) -> 1382.1358 | H5: =COUNTA('MOM Station Sale'!E5:E175) -> 171
A6: =A5+1 -> 5 | B6: 45413 | C6: =SUM('MOM Station Sale'!X5:X175) -> 45996285 | D6: =SUM('MOM Station Sale'!Y5:Y175) -> 5735188 | E6: =SUM('MOM Station Sale'!Z5:Z175) -> 140255 | F6: =AVERAGE('MOM Station Sale'!AA5:AA175) -> 756.96057 | G6: =AVERAGE('MOM Station Sale'!AB5:AB175) -> 1217.3467 | H6: =COUNTA('MOM Station Sale'!AA5:AA175) -> 171
A7: =A6+1 -> 6 | B7: 45444 | C7: =SUM('MOM Station Sale'!AC5:AC176) -> 42594588 | D7: =SUM('MOM Station Sale'!AD5:AD176) -> 5141686 | E7: =SUM('MOM Station Sale'!AE5:AE176) -> 97487 | F7: =AVERAGE('MOM Station Sale'!AF5:AF176) -> 727.59302 | G7: =AVERAGE('MOM Station Sale'!AG5:AG176) -> 1206.0678 | H7: =COUNTA('MOM Station Sale'!AF5:AF176) -> 172
A8: =A7+1 -> 7 | B8: 45474 | C8: =SUM('MOM Station Sale'!AH5:AH178) -> 52243943 | D8: =SUM('MOM Station Sale'!AI5:AI178) -> 4489107 | E8: =SUM('MOM Station Sale'!AJ5:AJ178) -> 111872 | F8: =AVERAGE('MOM Station Sale'!AK5:AK178) -> 752.22296 | G8: =AVERAGE('MOM Station Sale'!AL5:AL178) -> 1219.2733 | H8: =COUNTA('MOM Station Sale'!AL5:AL178) -> 174
A9: =A8+1 -> 8 | B9: 45505 | C9: =SUM('MOM Station Sale'!AM5:AM178) -> 33425135 | D9: =SUM('MOM Station Sale'!AN5:AN178) -> 3434663 | E9: =SUM('MOM Station Sale'!AO5:AO178) -> 93376 | F9: =AVERAGE('MOM Station Sale'!AP5:AP178) -> 843.82833 | G9: =AVERAGE('MOM Station Sale'!AQ5:AQ178) -> 1220.1659 | H9: =COUNTA('MOM Station Sale'!AQ5:AQ178) -> 174
A10: =A9+1 -> 9 | B10: 45536 | C10: =SUM('MOM Station Sale'!AR5:AR178) -> 37426911 | D10: =SUM('MOM Station Sale'!AS5:AS178) -> 3907594 | E10: =SUM('MOM Station Sale'!AT5:AT178) -> 84315 | F10: =AVERAGE('MOM Station Sale'!AU5:AU178) -> 1089.477 | G10: =AVERAGE('MOM Station Sale'!AV5:AV178) -> 1218.7289 | H10: =COUNTA('MOM Station Sale'!AV5:AV178) -> 174
A11: =A10+1 -> 10 | B11: 45566 | C11: =SUM('MOM Station Sale'!AW5:AW179) -> 41613504 | D11: =SUM('MOM Station Sale'!AX5:AX179) -> 4741775 | E11: =SUM('MOM Station Sale'!AY5:AY179) -> 118597 | F11: =AVERAGE('MOM Station Sale'!AZ5:AZ179) -> 1165.2017 | G11: =AVERAGE('MOM Station Sale'!BA5:BA179) -> 1214.471 | H11: =COUNTA('MOM Station Sale'!AZ5:AZ179) -> 175
A12: =A11+1 -> 11 | B12: 45597 | C12: =SUM('MOM Station Sale'!BB5:BB182) -> 37948798 | D12: =SUM('MOM Station Sale'!BC5:BC182) -> 5698963 | E12: =SUM('MOM Station Sale'!BD5:BD182) -> 87180 | F12: =AVERAGE('MOM Station Sale'!BE5:BE182) -> 1133.9446 | G12: =AVERAGE('MOM Station Sale'!BF5:BF182) -> 1189.2412 | H12: =COUNTA('MOM Station Sale'!BF5:BF182) -> 178
A13: =A12+1 -> 12 | B13: 45627 | C13: =SUM('MOM Station Sale'!BG5:BG183) -> 39144717 | D13: =SUM('MOM Station Sale'!BH5:BH183) -> 5259672 | E13: =SUM('MOM Station Sale'!BI5:BI183) -> 81387 | F13: =AVERAGE('MOM Station Sale'!BJ5:BJ183) -> 1084.4511 | G13: =AVERAGE('MOM Station Sale'!BK5:BK183) -> 1170.1283 | H13: =COUNTA('MOM Station Sale'!BK5:BK183) -> 179

Sheet Sheet2
